id,name,level,title,department
alphanvgl,Synthetic Demo 01,36,Synthetic role 01,Synthetic unit 01
anhtn,Synthetic Demo 02,35,Synthetic role 02,Synthetic unit 02
dunglv,Synthetic Demo 03,34,Synthetic role 03,Synthetic unit 03
linhth,Synthetic Demo 04,33,Synthetic role 04,Synthetic unit 04
minhnd,Synthetic Demo 05,32,Synthetic role 05,Synthetic unit 05
haonv,Synthetic Demo 06,31,Synthetic role 06,Synthetic unit 06
huongtt,Synthetic Demo 07,30,Synthetic role 07,Synthetic unit 07
phuongnt,Synthetic Demo 08,28,Synthetic role 08,Synthetic unit 08
khanhnd,Synthetic Demo 09,26,Synthetic role 09,Synthetic unit 09
tuanha,Synthetic Demo 10,24,Synthetic role 10,Synthetic unit 10
trangtt,Synthetic Demo 11,22,Synthetic role 11,Synthetic unit 11
namhp,Synthetic Demo 12,21,Synthetic role 12,Synthetic unit 12
bachnt,Synthetic Demo 13,20,Synthetic role 13,Synthetic unit 13
longvt,Synthetic Demo 14,18,Synthetic role 14,Synthetic unit 14
maivt,Synthetic Demo 15,17,Synthetic role 15,Synthetic unit 15
quanhm,Synthetic Demo 16,16,Synthetic role 16,Synthetic unit 16
thuynt,Synthetic Demo 17,15,Synthetic role 17,Synthetic unit 17
hieupm,Synthetic Demo 18,12,Synthetic role 18,Synthetic unit 18
sonnv,Synthetic Demo 19,09,Synthetic role 19,Synthetic unit 19
vynt,Synthetic Demo 20,06,Synthetic role 20,Synthetic unit 20
ducna,Synthetic Demo 21,05,Synthetic role 21,Synthetic unit 21
yenph,Synthetic Demo 22,03,Synthetic role 22,Synthetic unit 22
khoanm,Synthetic Demo 23,02,Synthetic role 23,Synthetic unit 23
binhnt,Synthetic Demo 24,01,Synthetic role 24,Synthetic unit 24
tamnt,Synthetic Demo 25,00,Synthetic role 25,Synthetic unit 25
cuongnv,Synthetic Demo 26,15,Synthetic role 26,Synthetic unit 26
oanhnt,Synthetic Demo 27,12,Synthetic role 27,Synthetic unit 27
hungpv,Synthetic Demo 28,09,Synthetic role 28,Synthetic unit 28
dungtt,Synthetic Demo 29,24,Synthetic role 29,Synthetic unit 29
lanht,Synthetic Demo 30,22,Synthetic role 30,Synthetic unit 30
kienvd,Synthetic Demo 31,17,Synthetic role 31,Synthetic unit 31
ngocpt,Synthetic Demo 32,16,Synthetic role 32,Synthetic unit 32
haidv,Synthetic Demo 33,12,Synthetic role 33,Synthetic unit 33
nhannt,Synthetic Demo 34,06,Synthetic role 34,Synthetic unit 34
quynhnt,Synthetic Demo 35,05,Synthetic role 35,Synthetic unit 35
thangnv,Synthetic Demo 36,00,Synthetic role 36,Synthetic unit 36
